{"categories": [{"supercategory": "", "id": 1, "name": "101"}, {"supercategory": "", "id": 2, "name": "102"}, {"supercategory": "", "id": 3, "name": "103a"}, {"supercategory": "", "id": 4, "name": "103b"}, {"supercategory": "", "id": 5, "name": "103c"}, {"supercategory": "", "id": 6, "name": "104"}, {"supercategory": "", "id": 7, "name": "105"}, {"supercategory": "", "id": 8, "name": "106a"}, {"supercategory": "", "id": 9, "name": "106b"}, {"supercategory": "", "id": 10, "name": "107"}, {"supercategory": "", "id": 11, "name": "108"}, {"supercategory": "", "id": 12, "name": "112"}, {"supercategory": "", "id": 13, "name": "116"}, {"supercategory": "", "id": 14, "name": "115"}, {"supercategory": "", "id": 15, "name": "117"}, {"supercategory": "", "id": 16, "name": "121"}, {"supercategory": "", "id": 17, "name": "123a"}, {"supercategory": "", "id": 18, "name": "123b"}, {"supercategory": "", "id": 19, "name": "124a"}, {"supercategory": "", "id": 20, "name": "124b"}, {"supercategory": "", "id": 21, "name": "125"}, {"supercategory": "", "id": 22, "name": "126"}, {"supercategory": "", "id": 23, "name": "127-20"}, {"supercategory": "", "id": 24, "name": "127-30"}, {"supercategory": "", "id": 25, "name": "127-40"}, {"supercategory": "", "id": 26, "name": "127-50"}, {"supercategory": "", "id": 27, "name": "127-60"}, {"supercategory": "", "id": 28, "name": "127-70"}, {"supercategory": "", "id": 29, "name": "127-80"}, {"supercategory": "", "id": 30, "name": "127-120"}, {"supercategory": "", "id": 31, "name": "128"}, {"supercategory": "", "id": 32, "name": "129"}, {"supercategory": "", "id": 33, "name": "130"}, {"supercategory": "", "id": 34, "name": "131a"}, {"supercategory": "", "id": 35, "name": "131b"}, {"supercategory": "", "id": 36, "name": "131c"}, {"supercategory": "", "id": 37, "name": "132"}, {"supercategory": "", "id": 38, "name": "133"}, {"supercategory": "", "id": 39, "name": "134-20"}, {"supercategory": "", "id": 40, "name": "134-30"}, {"supercategory": "", "id": 41, "name": "134-40"}, {"supercategory": "", "id": 42, "name": "134-50"}, {"supercategory": "", "id": 43, "name": "134-60"}, {"supercategory": "", "id": 44, "name": "134-70"}, {"supercategory": "", "id": 45, "name": "134-80"}, {"supercategory": "", "id": 46, "name": "135"}, {"supercategory": "", "id": 47, "name": "136"}, {"supercategory": "", "id": 48, "name": "137"}, {"supercategory": "", "id": 49, "name": "205a"}, {"supercategory": "", "id": 50, "name": "205b"}, {"supercategory": "", "id": 51, "name": "205c"}, {"supercategory": "", "id": 52, "name": "205e"}, {"supercategory": "", "id": 53, "name": "208"}, {"supercategory": "", "id": 54, "name": "207a"}, {"supercategory": "", "id": 55, "name": "207b"}, {"supercategory": "", "id": 56, "name": "207c"}, {"supercategory": "", "id": 57, "name": "210"}, {"supercategory": "", "id": 58, "name": "219"}, {"supercategory": "", "id": 59, "name": "220"}, {"supercategory": "", "id": 60, "name": "224"}, {"supercategory": "", "id": 61, "name": "225"}, {"supercategory": "", "id": 62, "name": "239"}, {"supercategory": "", "id": 63, "name": "243"}, {"supercategory": "", "id": 64, "name": "301a"}, {"supercategory": "", "id": 65, "name": "301b"}, {"supercategory": "", "id": 66, "name": "301c"}, {"supercategory": "", "id": 67, "name": "301d"}, {"supercategory": "", "id": 68, "name": "301e"}, {"supercategory": "", "id": 69, "name": "301f"}, {"supercategory": "", "id": 70, "name": "301h"}, {"supercategory": "", "id": 71, "name": "301i"}, {"supercategory": "", "id": 72, "name": "302a"}, {"supercategory": "", "id": 73, "name": "302b"}, {"supercategory": "", "id": 74, "name": "303"}, {"supercategory": "", "id": 75, "name": "304"}, {"supercategory": "", "id": 76, "name": "423a"}, {"supercategory": "", "id": 77, "name": "423b"}, {"supercategory": "", "id": 78, "name": "509b"}, {"supercategory": "", "id": 79, "name": "509a"}, {"supercategory": "", "id": 80, "name": "508"}, {"supercategory": "", "id": 81, "name": "507c"}, {"supercategory": "", "id": 82, "name": "507b"}, {"supercategory": "", "id": 83, "name": "507a"}, {"supercategory": "", "id": 84, "name": "506"}, {"supercategory": "", "id": 85, "name": "505-xemay"}, {"supercategory": "", "id": 86, "name": "505-otocon"}, {"supercategory": "", "id": 87, "name": "505-tai"}, {"supercategory": "", "id": 88, "name": "504"}, {"supercategory": "", "id": 89, "name": "503f"}, {"supercategory": "", "id": 90, "name": "503e"}, {"supercategory": "", "id": 91, "name": "503d"}, {"supercategory": "", "id": 92, "name": "503c"}, {"supercategory": "", "id": 93, "name": "503b"}, {"supercategory": "", "id": 94, "name": "503a"}, {"supercategory": "", "id": 95, "name": "502"}, {"supercategory": "", "id": 96, "name": "501"}, {"supercategory": "", "id": 97, "name": "444"}, {"supercategory": "", "id": 98, "name": "442"}, {"supercategory": "", "id": 99, "name": "443"}, {"supercategory": "", "id": 100, "name": "438"}, {"supercategory": "", "id": 101, "name": "437"}, {"supercategory": "", "id": 102, "name": "436"}, {"supercategory": "", "id": 103, "name": "435"}, {"supercategory": "", "id": 104, "name": "434"}, {"supercategory": "", "id": 105, "name": "433"}, {"supercategory": "", "id": 106, "name": "432"}, {"supercategory": "", "id": 107, "name": "428"}, {"supercategory": "", "id": 108, "name": "427"}, {"supercategory": "", "id": 109, "name": "426"}, {"supercategory": "", "id": 110, "name": "425"}, {"supercategory": "", "id": 111, "name": "421"}, {"supercategory": "", "id": 112, "name": "420"}, {"supercategory": "", "id": 113, "name": "416"}, {"supercategory": "", "id": 114, "name": "413c"}, {"supercategory": "", "id": 115, "name": "413b"}, {"supercategory": "", "id": 116, "name": "413a"}, {"supercategory": "", "id": 117, "name": "413"}, {"supercategory": "", "id": 118, "name": "412"}, {"supercategory": "", "id": 119, "name": "226"}, {"supercategory": "", "id": 120, "name": "223"}, {"supercategory": "", "id": 121, "name": "222"}, {"supercategory": "", "id": 122, "name": "221b"}, {"supercategory": "", "id": 123, "name": "221a"}, {"supercategory": "", "id": 124, "name": "218"}, {"supercategory": "", "id": 125, "name": "217"}, {"supercategory": "", "id": 126, "name": "216"}, {"supercategory": "", "id": 127, "name": "215"}, {"supercategory": "", "id": 128, "name": "214"}, {"supercategory": "", "id": 129, "name": "213"}, {"supercategory": "", "id": 130, "name": "212"}, {"supercategory": "", "id": 131, "name": "211"}, {"supercategory": "", "id": 132, "name": "209"}, {"supercategory": "", "id": 133, "name": "206"}, {"supercategory": "", "id": 134, "name": "205d"}, {"supercategory": "", "id": 135, "name": "204"}, {"supercategory": "", "id": 136, "name": "203c"}, {"supercategory": "", "id": 137, "name": "203b"}, {"supercategory": "", "id": 138, "name": "203a"}, {"supercategory": "", "id": 139, "name": "202"}, {"supercategory": "", "id": 140, "name": "201b"}, {"supercategory": "", "id": 141, "name": "201a"}, {"supercategory": "", "id": 142, "name": "134-120"}, {"supercategory": "", "id": 143, "name": "134-100"}, {"supercategory": "", "id": 144, "name": "127-100"}, {"supercategory": "", "id": 145, "name": "127"}, {"supercategory": "", "id": 146, "name": "122"}, {"supercategory": "", "id": 147, "name": "120"}, {"supercategory": "", "id": 148, "name": "119"}, {"supercategory": "", "id": 149, "name": "118"}, {"supercategory": "", "id": 150, "name": "114"}, {"supercategory": "", "id": 151, "name": "113"}, {"supercategory": "", "id": 152, "name": "111d"}, {"supercategory": "", "id": 153, "name": "111c"}, {"supercategory": "", "id": 154, "name": "111b"}, {"supercategory": "", "id": 155, "name": "111a"}, {"supercategory": "", "id": 156, "name": "110b"}, {"supercategory": "", "id": 157, "name": "110a"}, {"supercategory": "", "id": 158, "name": "109"}, {"supercategory": "", "id": 159, "name": "411"}, {"supercategory": "", "id": 160, "name": "410"}, {"supercategory": "", "id": 161, "name": "409"}, {"supercategory": "", "id": 162, "name": "408"}, {"supercategory": "", "id": 163, "name": "407c"}, {"supercategory": "", "id": 164, "name": "407b"}, {"supercategory": "", "id": 165, "name": "407a"}, {"supercategory": "", "id": 166, "name": "406"}, {"supercategory": "", "id": 167, "name": "405c"}, {"supercategory": "", "id": 168, "name": "405b"}, {"supercategory": "", "id": 169, "name": "405a"}, {"supercategory": "", "id": 170, "name": "404b"}, {"supercategory": "", "id": 171, "name": "404a"}, {"supercategory": "", "id": 172, "name": "403a"}, {"supercategory": "", "id": 173, "name": "403b"}, {"supercategory": "", "id": 174, "name": "402"}, {"supercategory": "", "id": 175, "name": "307-20"}, {"supercategory": "", "id": 176, "name": "306-80"}, {"supercategory": "", "id": 177, "name": "306-70"}, {"supercategory": "", "id": 178, "name": "306-60"}, {"supercategory": "", "id": 179, "name": "306-50"}, {"supercategory": "", "id": 180, "name": "306-40"}, {"supercategory": "", "id": 181, "name": "306-30"}, {"supercategory": "", "id": 182, "name": "306-20"}, {"supercategory": "", "id": 183, "name": "401"}, {"supercategory": "", "id": 184, "name": "309"}, {"supercategory": "", "id": 185, "name": "308b"}, {"supercategory": "", "id": 186, "name": "308a"}, {"supercategory": "", "id": 187, "name": "307"}, {"supercategory": "", "id": 188, "name": "306"}, {"supercategory": "", "id": 189, "name": "305"}, {"supercategory": "", "id": 190, "name": "245c"}, {"supercategory": "", "id": 191, "name": "245b"}, {"supercategory": "", "id": 192, "name": "245a"}, {"supercategory": "", "id": 193, "name": "243a"}, {"supercategory": "", "id": 194, "name": "242"}, {"supercategory": "", "id": 195, "name": "241"}, {"supercategory": "", "id": 196, "name": "240"}, {"supercategory": "", "id": 197, "name": "238"}, {"supercategory": "", "id": 198, "name": "237"}, {"supercategory": "", "id": 199, "name": "236"}, {"supercategory": "", "id": 200, "name": "235"}, {"supercategory": "", "id": 201, "name": "234"}, {"supercategory": "", "id": 202, "name": "233"}, {"supercategory": "", "id": 203, "name": "232"}, {"supercategory": "", "id": 204, "name": "231"}, {"supercategory": "", "id": 205, "name": "230"}, {"supercategory": "", "id": 206, "name": "229"}, {"supercategory": "", "id": 207, "name": "228"}, {"supercategory": "", "id": 208, "name": "227"}, {"supercategory": "", "id": 209, "name": "127-90"}, {"supercategory": "", "id": 210, "name": "134-90"}, {"supercategory": "", "id": 211, "name": "307-30"}, {"supercategory": "", "id": 212, "name": "307-40"}, {"supercategory": "", "id": 213, "name": "307-50"}, {"supercategory": "", "id": 214, "name": "307-60"}, {"supercategory": "", "id": 215, "name": "307-70"}, {"supercategory": "", "id": 216, "name": "307-80"}, {"supercategory": "", "id": 217, "name": "424a"}, {"supercategory": "", "id": 218, "name": "424b"}], "annotations": [{"image_id": 3, "iscrowd": 0, "area": 184.0, "segmentation": [[477.443359375, 135.8173828125, 467.24799999999414, 153.96159999999327, 486.77439999999297, 154.82559999999467]], "attributes": {"occluded": false}, "bbox": [461.23046875, 130.681640625, 28.068248748779297, 29.262643814086914], "id": 1, "category_id": 55}, {"image_id": 14, "iscrowd": 0, "area": 144.0, "segmentation": [[220.1279296875, 141.197265625, 232.15505970638878, 141.19744240175896, 231.79604009989635, 152.50656000624076, 220.48692249541273, 153.22459921922382]], "attributes": {"occluded": false}, "bbox": [217.9736328125, 137.607421875, 15.796862602233887, 18.48950958251953], "id": 2, "category_id": 161}, {"image_id": 38, "iscrowd": 0, "area": 78.0, "segmentation": [[396.60000000000036, 157.40000000000146, 399.5, 158.5, 400.90000000000146, 162.0, 400.60000000000036, 165.90000000000146, 399.0, 169.10000000000036, 396.7000000000007, 169.90000000000146, 394.60000000000036, 169.10000000000036, 393.2000000000007, 166.40000000000146, 392.8000000000011, 163.70000000000073, 393.10000000000036, 160.8000000000011, 394.60000000000036, 158.5]], "attributes": {"occluded": false}, "bbox": [389.490234375, 153.6298828125, 14.899999618530273, 19.100000381469727], "id": 3, "category_id": 33}, {"image_id": 53, "iscrowd": 0, "area": 191.0, "segmentation": [[504.0, 140.10000000000036, 494.39000000000306, 159.12000000000262, 514.7900000000027, 159.12000000000262]], "attributes": {"occluded": false}, "bbox": [490.58984375, 137.8203125, 26.5, 25.399999618530273], "id": 4, "category_id": 55}, {"image_id": 67, "iscrowd": 0, "area": 141.0, "segmentation": [[448.7802734375, 152.25, 439.4800000000032, 166.65000000000327, 457.7800000000025, 166.85000000000218]], "attributes": {"occluded": false}, "bbox": [436.3798828125, 151.150390625, 24.200000762939453, 18.899999618530273], "id": 5, "category_id": 56}, {"image_id": 76, "iscrowd": 0, "area": 156.0, "segmentation": [[431.10000000000036, 158.0, 436.40000000000146, 157.90000000000146, 439.8000000000011, 160.90000000000146, 440.8000000000011, 165.70000000000073, 439.60000000000036, 169.40000000000146, 436.3000000000011, 171.70000000000073, 431.90000000000146, 171.8000000000011, 428.0, 169.40000000000146, 426.75000000000364, 165.20000000000255, 427.75000000000364, 160.7900000000027]], "attributes": {"occluded": false}, "bbox": [422.982421875, 153.9453125, 21.897216796875, 20.404224395751953], "id": 6, "category_id": 33}, {"image_id": 79, "iscrowd": 0, "area": 90.0, "segmentation": [[491.77000000000226, 148.21000000000276, 498.1700000000037, 134.21000000000276, 505.470000000003, 148.3000000000029]], "attributes": {"occluded": false}, "bbox": [487.931640625, 130.908203125, 21.600000381469727, 22.31999969482422], "id": 7, "category_id": 55}, {"image_id": 88, "iscrowd": 0, "area": 148.0, "segmentation": [[477.525390625, 151.291015625, 481.51412194845943, 152.78679475464924, 484.0073136602077, 156.90056107903183, 484.3812924169688, 161.26364657458907, 483.01003697550914, 164.1308170430966, 480.7661644349355, 165.87605124131915, 476.90171728172936, 166.37468958366844, 473.6605680564571, 164.6294553854459, 472.28931261499747, 162.26092325928767, 471.9153338582346, 159.26909320519007, 472.16465302940924, 154.78134812404642, 474.03454681322, 152.16349682671353]], "attributes": {"occluded": false}, "bbox": [469.6826171875, 149.365234375, 17.87917709350586, 19.171646118164062], "id": 8, "category_id": 33}, {"image_id": 100, "iscrowd": 0, "area": 297.0, "segmentation": [[619.896484375, 131.80859375, 624.024960191904, 136.83535418289284, 625.9995680276079, 142.75917769000262, 625.9995680276079, 147.96496198413115, 625.9995680276079, 154.9658443107146, 625.6405484211155, 159.27407958861295, 624.2044699951493, 161.78721683405456, 621.3323131432171, 163.22329526002068, 616.6650582588281, 159.8126089983507, 616.1265288490904, 156.2224129334354, 614.510940619879, 152.09368745878237, 613.7929014068959, 147.4264325743934, 613.9724112101412, 142.04113847701956, 615.0494700296167, 136.11731496990978, 616.6650582588281, 132.34760910174919, 616.6650582588281, 132.16809929850206]], "attributes": {"occluded": false}, "bbox": [610.8486328125, 127.23046875, 20.993858337402344, 38.8609733581543], "id": 9, "category_id": 33}, {"image_id": 110, "iscrowd": 0, "area": 167.0, "segmentation": [[419.90000000000146, 144.90000000000146, 409.7000000000007, 161.5, 428.8000000000011, 161.70000000000073]], "attributes": {"occluded": false}, "bbox": [405.755859375, 142.7763671875, 28.799999237060547, 23.639999389648438], "id": 10, "category_id": 55}, {"image_id": 111, "iscrowd": 0, "area": 346.0, "segmentation": [[185.123046875, 116.9638671875, 203.43349118706647, 117.32263857007092, 203.79251079355708, 136.35067771412287, 185.84153046898064, 135.99165810763043]], "attributes": {"occluded": false}, "bbox": [181.533203125, 113.373046875, 26.028921127319336, 26.028921127319336], "id": 11, "category_id": 161}, {"image_id": 122, "iscrowd": 0, "area": 287.0, "segmentation": [[537.5224609375, 119.982421875, 529.0620159999926, 145.61190399999214, 549.7150719999918, 149.59321599999203]], "attributes": {"occluded": false}, "bbox": [521.3447265625, 115.01171875, 33.538570404052734, 41.27824401855469], "id": 12, "category_id": 55}, {"image_id": 152, "iscrowd": 0, "area": 163.0, "segmentation": [[498.2998046875, 149.2001953125, 502.8000000000011, 151.40000000000146, 504.90000000000146, 156.10000000000036, 505.0, 161.0, 502.60000000000036, 164.70000000000073, 498.2000000000007, 165.60000000000036, 494.3000000000011, 163.5, 492.2000000000007, 159.10000000000036, 492.5, 154.3000000000011, 494.40000000000146, 150.8000000000011]], "attributes": {"occluded": false}, "bbox": [487.650390625, 145.0302734375, 21.399999618530273, 24.26972656250109], "id": 13, "category_id": 33}, {"image_id": 158, "iscrowd": 0, "area": 597.0, "segmentation": [[156.9794921875, 101.4052734375, 180.4299274148434, 101.40517401822945, 179.68546435882126, 126.34468639492843, 155.11818351013426, 126.34468639492843]], "attributes": {"occluded": false}, "bbox": [150.6513671875, 96.1943359375, 33.873069763183594, 35.73422622680664], "id": 14, "category_id": 161}, {"image_id": 158, "iscrowd": 0, "area": 27.0, "segmentation": [[277.7998046875, 161.599609375, 279.7000000000007, 162.10000000000036, 280.8000000000011, 164.10000000000036, 280.5, 165.90000000000146, 280.0, 166.70000000000073, 278.8000000000011, 167.40000000000146, 277.0, 167.40000000000146, 276.10000000000036, 167.10000000000036, 275.3000000000011, 166.3000000000011, 274.8000000000011, 165.20000000000073, 275.0, 163.8000000000011, 275.40000000000146, 162.60000000000036, 276.3000000000011, 162.0]], "attributes": {"occluded": false}, "bbox": [273.18359375, 160.48046875, 8.788800239562988, 8.788800239562988], "id": 15, "category_id": 2}, {"image_id": 170, "iscrowd": 0, "area": 105.0, "segmentation": [[448.6103515625, 154.41015625, 441.6100000000024, 167.71000000000276, 456.51000000000386, 167.9100000000035]], "attributes": {"occluded": false}, "bbox": [439.509765625, 152.8095703125, 19.100000381469727, 17.799999237060547], "id": 16, "category_id": 55}, {"image_id": 193, "iscrowd": 0, "area": 74.0, "segmentation": [[237.70000000000073, 152.3000000000011, 245.69973921241035, 151.9972840459286, 245.80362220039933, 161.13898698899902, 237.3891001732536, 161.03510400101004]], "attributes": {"occluded": false}, "bbox": [234.2373046875, 149.365234375, 14.21717643737793, 13.570940971374512], "id": 17, "category_id": 161}, {"image_id": 196, "iscrowd": 0, "area": 214.0, "segmentation": [[205.587890625, 131.86328125, 219.76888328242967, 132.40146204271514, 219.0508440694466, 147.30077571211405, 205.0490794162779, 147.48028551535936]], "attributes": {"occluded": false}, "bbox": [201.818359375, 128.6318359375, 20.105098724365234, 21.361665725708008], "id": 18, "category_id": 161}, {"image_id": 203, "iscrowd": 0, "area": 1102.0, "segmentation": [[113.80078125, 67.0849609375, 143.57900614181744, 62.61864879954919, 139.48445933370203, 100.58626465661291, 108.58924250883683, 102.8196538246757]], "attributes": {"occluded": false}, "bbox": [104.1806640625, 60.2109375, 44.719482421875, 49.37237548828125], "id": 19, "category_id": 161}, {"image_id": 203, "iscrowd": 0, "area": 29.0, "segmentation": [[288.0, 158.900390625, 289.7000000000007, 159.40000000000146, 290.7000000000007, 160.3000000000011, 290.8000000000011, 161.60000000000036, 290.7000000000007, 163.40000000000146, 289.7000000000007, 164.3000000000011, 288.5, 164.8000000000011, 286.8000000000011, 164.70000000000073, 285.8000000000011, 163.90000000000146, 285.10000000000036, 163.0, 284.90000000000146, 161.90000000000146, 285.0, 160.3000000000011, 285.90000000000146, 158.90000000000146]], "attributes": {"occluded": false}, "bbox": [283.5498046875, 158.099609375, 8.800000190734863, 7.900000095367432], "id": 20, "category_id": 2}, {"image_id": 204, "iscrowd": 0, "area": 132.0, "segmentation": [[385.7900390625, 126.3798828125, 377.4900000000034, 141.08000000000357, 395.1900000000023, 140.88000000000284]], "attributes": {"occluded": false}, "bbox": [374.5, 124.5, 22.899999618530273, 20.5], "id": 21, "category_id": 55}, {"image_id": 213, "iscrowd": 0, "area": 45.0, "segmentation": [[441.0, 164.0, 435.3000000000011, 172.40000000000146, 445.90000000000146, 172.5]], "attributes": {"occluded": false}, "bbox": [433.1796875, 161.3603515625, 15.300000190734863, 14.199999809265137], "id": 22, "category_id": 55}, {"image_id": 215, "iscrowd": 0, "area": 261.0, "segmentation": [[443.2978515625, 94.7255859375, 455.53215999999156, 117.74271999999291, 432.3078399999922, 116.49855999999272]], "attributes": {"occluded": false}, "bbox": [427.966796875, 90.4306640625, 31.173673629760742, 31.890308380126953], "id": 23, "category_id": 55}, {"image_id": 216, "iscrowd": 0, "area": 44.0, "segmentation": [[195.2001953125, 142.099609375, 197.70000000000073, 143.10000000000036, 199.10000000000036, 145.20000000000073, 198.90000000000146, 147.40000000000146, 198.20000000000073, 148.8000000000011, 196.8000000000011, 149.60000000000036, 194.40000000000146, 149.70000000000073, 193.0, 149.10000000000036, 192.0, 148.20000000000073, 191.90000000000146, 145.8000000000011, 192.40000000000146, 144.40000000000146, 193.10000000000036, 143.10000000000036]], "attributes": {"occluded": false}, "bbox": [190.9580078125, 140.994140625, 9.274673461914062, 9.873039245605469], "id": 24, "category_id": 2}, {"image_id": 219, "iscrowd": 0, "area": 562.0, "segmentation": [[472.689453125, 119.4052734375, 494.92007361912147, 119.92265856028826, 493.62760303575305, 145.51357611100502, 471.91409723514516, 144.99658787765838]], "attributes": {"occluded": false}, "bbox": [469.6396484375, 116.5361328125, 27.9173641204834, 31.53628158569336], "id": 25, "category_id": 77}, {"image_id": 230, "iscrowd": 0, "area": 90.0, "segmentation": [[152.0, 129.7001953125, 155.3000000000011, 130.3000000000011, 157.0, 133.10000000000036, 157.0, 135.10000000000036, 156.20000000000073, 137.70000000000073, 155.40000000000146, 139.20000000000073, 153.40000000000146, 140.3000000000011, 150.8000000000011, 140.40000000000146, 149.10000000000036, 140.0, 147.60000000000036, 138.3000000000011, 147.0, 136.40000000000146, 146.8000000000011, 133.90000000000146, 147.20000000000073, 131.5, 149.10000000000036, 129.90000000000146]], "attributes": {"occluded": false}, "bbox": [144.6396484375, 128.080078125, 14.15999984741211, 13.680000305175781], "id": 26, "category_id": 2}, {"image_id": 239, "iscrowd": 0, "area": 304.0, "segmentation": [[436.60000000000036, 144.20000000000073, 442.7000000000007, 144.0, 447.40000000000146, 147.90000000000146, 448.90000000000146, 153.10000000000036, 448.7000000000007, 159.3000000000011, 444.3000000000011, 163.90000000000146, 438.0, 164.3000000000011, 432.5, 161.10000000000036, 430.10000000000036, 154.5, 431.8000000000011, 148.20000000000073]], "attributes": {"occluded": false}, "bbox": [427.9599609375, 140.91015625, 24.399999618530273, 26.0], "id": 27, "category_id": 33}, {"image_id": 239, "iscrowd": 0, "area": 159.0, "segmentation": [[68.2236328125, 103.072265625, 71.5359999999946, 104.07999999999447, 72.11199999999553, 107.9679999999953, 72.11199999999553, 111.7119999999959, 71.10399999999572, 115.88799999999537, 68.6559999999954, 121.21599999999489, 66.63999999999578, 121.50399999999536, 64.33599999999569, 120.63999999999578, 62.17599999999584, 119.05599999999504, 61.16799999999603, 117.03999999999542, 61.455999999994674, 112.57599999999547, 62.17599999999584, 108.25599999999577, 64.47999999999593, 103.93599999999606]], "attributes": {"occluded": false}, "bbox": [58.23046875, 100.9462890625, 15.966719627380371, 22.187519073486328], "id": 28, "category_id": 2}, {"image_id": 240, "iscrowd": 0, "area": 294.0, "segmentation": [[499.9091796875, 144.150390625, 504.99500148968946, 147.44139172466384, 507.98683154378523, 152.07872830851193, 507.98683154378523, 159.40871194104693, 506.790099522148, 162.69972500055337, 503.94786097075666, 165.24278054653405, 497.9642008625633, 165.9907380600598, 495.12196231117196, 164.34523153030568, 492.8780897706001, 162.25095049243828, 491.38217474355224, 159.10952893563808, 490.4846257273239, 154.62178385449442, 491.0829917381434, 150.58281328146404, 493.1772727760108, 148.03975773548154, 495.57073681928705, 145.94547669761414]], "attributes": {"occluded": false}, "bbox": [488.345703125, 141.5927734375, 21.690767288208008, 27.375244140625], "id": 29, "category_id": 33}, {"image_id": 241, "iscrowd": 0, "area": 100.0, "segmentation": [[230.0009765625, 147.66015625, 239.8739812459571, 148.0188149250971, 239.69447144270998, 158.07136390685992, 230.35996167393023, 158.25087371010522]], "attributes": {"occluded": false}, "bbox": [228.2060546875, 144.1953125, 14.1812744140625, 16.335391998291016], "id": 30, "category_id": 161}, {"image_id": 242, "iscrowd": 0, "area": 606.0, "segmentation": [[494.60000000000036, 126.10000000000036, 501.5, 128.20000000000073, 506.0, 134.20000000000073, 507.0, 141.20000000000073, 505.40000000000146, 148.3000000000011, 501.5, 153.10000000000036, 495.0, 155.40000000000146, 488.40000000000146, 154.40000000000146, 483.5, 150.8000000000011, 480.90000000000146, 144.3000000000011, 481.0, 136.40000000000146, 483.8000000000011, 130.60000000000036, 488.60000000000036, 127.0]], "attributes": {"occluded": false}, "bbox": [474.24609375, 119.287109375, 39.60575866699219, 41.057281494140625], "id": 31, "category_id": 34}, {"image_id": 252, "iscrowd": 0, "area": 176.0, "segmentation": [[511.90000000000146, 142.0, 519.5, 161.3000000000011, 500.7000000000007, 159.40000000000146, 511.90000000000146, 142.10000000000036]], "attributes": {"occluded": false}, "bbox": [497.421875, 139.208984375, 26.87812500000109, 26.59101562500109], "id": 32, "category_id": 55}, {"image_id": 264, "iscrowd": 0, "area": 82.0, "segmentation": [[395.650390625, 154.349609375, 389.0500000000029, 165.75000000000364, 402.5500000000029, 165.85000000000218]], "attributes": {"occluded": false}, "bbox": [387.349609375, 152.5498046875, 16.5, 15.699999809265137], "id": 33, "category_id": 55}], "images": [{"height": 360, "width": 640, "license": 0, "file_name": "frame_000000.jpg", "date_captured": 0, "flickr_url": "", "id": 1, "coco_url": ""}, {"height": 360, "width": 640, "license": 0, "file_name": "frame_002560.jpg", "date_captured": 0, "flickr_url": "", "id": 2, "coco_url": ""}, {"height": 360, "width": 640, "license": 0, "file_name": "frame_001540.jpg", "date_captured": 0, "flickr_url": "", "id": 3, "coco_url": ""}, {"height": 360, "width": 640, "license": 0, "file_name": "frame_005360.jpg", "date_captured": 0, "flickr_url": "", "id": 4, "coco_url": ""}, {"height": 360, "width": 640, "license": 0, "file_name": "frame_000520.jpg", "date_captured": 0, "flickr_url": "", "id": 5, "coco_url": ""}, {"height": 360, "width": 640, "license": 0, "file_name": "frame_003500.jpg", "date_captured": 0, "flickr_url": "", "id": 6, "coco_url": ""}, {"height": 360, "width": 640, "license": 0, "file_name": "frame_002060.jpg", "date_captured": 0, "flickr_url": "", "id": 7, "coco_url": ""}, {"height": 360, "width": 640, "license": 0, "file_name": "frame_001040.jpg", "date_captured": 0, "flickr_url": "", "id": 8, "coco_url": ""}, {"height": 360, "width": 640, "license": 0, "file_name": "frame_000600.jpg", "date_captured": 0, "flickr_url": "", "id": 9, "coco_url": ""}, {"height": 360, "width": 640, "license": 0, "file_name": "frame_004740.jpg", "date_captured": 0, "flickr_url": "", "id": 10, "coco_url": ""}, {"height": 360, "width": 640, "license": 0, "file_name": "frame_002580.jpg", "date_captured": 0, "flickr_url": "", "id": 11, "coco_url": ""}, {"height": 360, "width": 640, "license": 0, "file_name": "frame_001560.jpg", "date_captured": 0, "flickr_url": "", "id": 12, "coco_url": ""}, {"height": 360, "width": 640, "license": 0, "file_name": "frame_002820.jpg", "date_captured": 0, "flickr_url": "", "id": 13, "coco_url": ""}, {"height": 360, "width": 640, "license": 0, "file_name": "frame_004280.jpg", "date_captured": 0, "flickr_url": "", "id": 14, "coco_url": ""}, {"height": 360, "width": 640, "license": 0, "file_name": "frame_000540.jpg", "date_captured": 0, "flickr_url": "", "id": 15, "coco_url": ""}, {"height": 360, "width": 640, "license": 0, "file_name": "frame_002080.jpg", "date_captured": 0, "flickr_url": "", "id": 16, "coco_url": ""}, {"height": 360, "width": 640, "license": 0, "file_name": "frame_003760.jpg", "date_captured": 0, "flickr_url": "", "id": 17, "coco_url": ""}, {"height": 360, "width": 640, "license": 0, "file_name": "frame_004460.jpg", "date_captured": 0, "flickr_url": "", "id": 18, "coco_url": ""}, {"height": 360, "width": 640, "license": 0, "file_name": "frame_001060.jpg", "date_captured": 0, "flickr_url": "", "id": 19, "coco_url": ""}, {"height": 360, "width": 640, "license": 0, "file_name": "frame_004860.jpg", "date_captured": 0, "flickr_url": "", "id": 20, "coco_url": ""}, {"height": 360, "width": 640, "license": 0, "file_name": "frame_002600.jpg", "date_captured": 0, "flickr_url": "", "id": 21, "coco_url": ""}, {"height": 360, "width": 640, "license": 0, "file_name": "frame_003420.jpg", "date_captured": 0, "flickr_url": "", "id": 22, "coco_url": ""}, {"height": 360, "width": 640, "license": 0, "file_name": "frame_001580.jpg", "date_captured": 0, "flickr_url": "", "id": 23, "coco_url": ""}, {"height": 360, "width": 640, "license": 0, "file_name": "frame_004160.jpg", "date_captured": 0, "flickr_url": "", "id": 24, "coco_url": ""}, {"height": 360, "width": 640, "license": 0, "file_name": "frame_005200.jpg", "date_captured": 0, "flickr_url": "", "id": 25, "coco_url": ""}, {"height": 360, "width": 640, "license": 0, "file_name": "frame_004400.jpg", "date_captured": 0, "flickr_url": "", "id": 26, "coco_url": ""}, {"height": 360, "width": 640, "license": 0, "file_name": "frame_003120.jpg", "date_captured": 0, "flickr_url": "", "id": 27, "coco_url": ""}, {"height": 360, "width": 640, "license": 0, "file_name": "frame_003080.jpg", "date_captured": 0, "flickr_url": "", "id": 28, "coco_url": ""}, {"height": 360, "width": 640, "license": 0, "file_name": "frame_002100.jpg", "date_captured": 0, "flickr_url": "", "id": 29, "coco_url": ""}, {"height": 360, "width": 640, "license": 0, "file_name": "frame_005180.jpg", "date_captured": 0, "flickr_url": "", "id": 30, "coco_url": ""}, {"height": 360, "width": 640, "license": 0, "file_name": "frame_001080.jpg", "date_captured": 0, "flickr_url": "", "id": 31, "coco_url": ""}, {"height": 360, "width": 640, "license": 0, "file_name": "frame_002740.jpg", "date_captured": 0, "flickr_url": "", "id": 32, "coco_url": ""}, {"height": 360, "width": 640, "license": 0, "file_name": "frame_005040.jpg", "date_captured": 0, "flickr_url": "", "id": 33, "coco_url": ""}, {"height": 360, "width": 640, "license": 0, "file_name": "frame_000060.jpg", "date_captured": 0, "flickr_url": "", "id": 34, "coco_url": ""}, {"height": 360, "width": 640, "license": 0, "file_name": "frame_003960.jpg", "date_captured": 0, "flickr_url": "", "id": 35, "coco_url": ""}, {"height": 360, "width": 640, "license": 0, "file_name": "frame_001600.jpg", "date_captured": 0, "flickr_url": "", "id": 36, "coco_url": ""}, {"height": 360, "width": 640, "license": 0, "file_name": "frame_003680.jpg", "date_captured": 0, "flickr_url": "", "id": 37, "coco_url": ""}, {"height": 360, "width": 640, "license": 0, "file_name": "frame_004520.jpg", "date_captured": 0, "flickr_url": "", "id": 38, "coco_url": ""}, {"height": 360, "width": 640, "license": 0, "file_name": "frame_000580.jpg", "date_captured": 0, "flickr_url": "", "id": 39, "coco_url": ""}, {"height": 360, "width": 640, "license": 0, "file_name": "frame_002120.jpg", "date_captured": 0, "flickr_url": "", "id": 40, "coco_url": ""}, {"height": 360, "width": 640, "license": 0, "file_name": "frame_003340.jpg", "date_captured": 0, "flickr_url": "", "id": 41, "coco_url": ""}, {"height": 360, "width": 640, "license": 0, "file_name": "frame_005340.jpg", "date_captured": 0, "flickr_url": "", "id": 42, "coco_url": ""}, {"height": 360, "width": 640, "license": 0, "file_name": "frame_001100.jpg", "date_captured": 0, "flickr_url": "", "id": 43, "coco_url": ""}, {"height": 360, "width": 640, "license": 0, "file_name": "frame_005100.jpg", "date_captured": 0, "flickr_url": "", "id": 44, "coco_url": ""}, {"height": 360, "width": 640, "license": 0, "file_name": "frame_002640.jpg", "date_captured": 0, "flickr_url": "", "id": 45, "coco_url": ""}, {"height": 360, "width": 640, "license": 0, "file_name": "frame_000440.jpg", "date_captured": 0, "flickr_url": "", "id": 46, "coco_url": ""}, {"height": 360, "width": 640, "license": 0, "file_name": "frame_001620.jpg", "date_captured": 0, "flickr_url": "", "id": 47, "coco_url": ""}, {"height": 360, "width": 640, "license": 0, "file_name": "frame_005060.jpg", "date_captured": 0, "flickr_url": "", "id": 48, "coco_url": ""}, {"height": 360, "width": 640, "license": 0, "file_name": "frame_004640.jpg", "date_captured": 0, "flickr_url": "", "id": 49, "coco_url": ""}, {"height": 360, "width": 640, "license": 0, "file_name": "frame_003160.jpg", "date_captured": 0, "flickr_url": "", "id": 50, "coco_url": ""}, {"height": 360, "width": 640, "license": 0, "file_name": "frame_002660.jpg", "date_captured": 0, "flickr_url": "", "id": 51, "coco_url": ""}, {"height": 360, "width": 640, "license": 0, "file_name": "frame_002140.jpg", "date_captured": 0, "flickr_url": "", "id": 52, "coco_url": ""}, {"height": 360, "width": 640, "license": 0, "file_name": "frame_001120.jpg", "date_captured": 0, "flickr_url": "", "id": 53, "coco_url": ""}, {"height": 360, "width": 640, "license": 0, "file_name": "frame_003600.jpg", "date_captured": 0, "flickr_url": "", "id": 54, "coco_url": ""}, {"height": 360, "width": 640, "license": 0, "file_name": "frame_000100.jpg", "date_captured": 0, "flickr_url": "", "id": 55, "coco_url": ""}, {"height": 360, "width": 640, "license": 0, "file_name": "frame_004440.jpg", "date_captured": 0, "flickr_url": "", "id": 56, "coco_url": ""}, {"height": 360, "width": 640, "license": 0, "file_name": "frame_001640.jpg", "date_captured": 0, "flickr_url": "", "id": 57, "coco_url": ""}, {"height": 360, "width": 640, "license": 0, "file_name": "frame_000700.jpg", "date_captured": 0, "flickr_url": "", "id": 58, "coco_url": ""}, {"height": 360, "width": 640, "license": 0, "file_name": "frame_004760.jpg", "date_captured": 0, "flickr_url": "", "id": 59, "coco_url": ""}, {"height": 360, "width": 640, "license": 0, "file_name": "frame_000620.jpg", "date_captured": 0, "flickr_url": "", "id": 60, "coco_url": ""}, {"height": 360, "width": 640, "license": 0, "file_name": "frame_004820.jpg", "date_captured": 0, "flickr_url": "", "id": 61, "coco_url": ""}, {"height": 360, "width": 640, "license": 0, "file_name": "frame_002160.jpg", "date_captured": 0, "flickr_url": "", "id": 62, "coco_url": ""}, {"height": 360, "width": 640, "license": 0, "file_name": "frame_002920.jpg", "date_captured": 0, "flickr_url": "", "id": 63, "coco_url": ""}, {"height": 360, "width": 640, "license": 0, "file_name": "frame_001140.jpg", "date_captured": 0, "flickr_url": "", "id": 64, "coco_url": ""}, {"height": 360, "width": 640, "license": 0, "file_name": "frame_004920.jpg", "date_captured": 0, "flickr_url": "", "id": 65, "coco_url": ""}, {"height": 360, "width": 640, "license": 0, "file_name": "frame_000120.jpg", "date_captured": 0, "flickr_url": "", "id": 66, "coco_url": ""}, {"height": 360, "width": 640, "license": 0, "file_name": "frame_000020.jpg", "date_captured": 0, "flickr_url": "", "id": 67, "coco_url": ""}, {"height": 360, "width": 640, "license": 0, "file_name": "frame_004880.jpg", "date_captured": 0, "flickr_url": "", "id": 68, "coco_url": ""}, {"height": 360, "width": 640, "license": 0, "file_name": "frame_001660.jpg", "date_captured": 0, "flickr_url": "", "id": 69, "coco_url": ""}, {"height": 360, "width": 640, "license": 0, "file_name": "frame_003840.jpg", "date_captured": 0, "flickr_url": "", "id": 70, "coco_url": ""}, {"height": 360, "width": 640, "license": 0, "file_name": "frame_000640.jpg", "date_captured": 0, "flickr_url": "", "id": 71, "coco_url": ""}, {"height": 360, "width": 640, "license": 0, "file_name": "frame_003520.jpg", "date_captured": 0, "flickr_url": "", "id": 72, "coco_url": ""}, {"height": 360, "width": 640, "license": 0, "file_name": "frame_002180.jpg", "date_captured": 0, "flickr_url": "", "id": 73, "coco_url": ""}, {"height": 360, "width": 640, "license": 0, "file_name": "frame_001160.jpg", "date_captured": 0, "flickr_url": "", "id": 74, "coco_url": ""}, {"height": 360, "width": 640, "license": 0, "file_name": "frame_003180.jpg", "date_captured": 0, "flickr_url": "", "id": 75, "coco_url": ""}, {"height": 360, "width": 640, "license": 0, "file_name": "frame_000140.jpg", "date_captured": 0, "flickr_url": "", "id": 76, "coco_url": ""}, {"height": 360, "width": 640, "license": 0, "file_name": "frame_004040.jpg", "date_captured": 0, "flickr_url": "", "id": 77, "coco_url": ""}, {"height": 360, "width": 640, "license": 0, "file_name": "frame_001680.jpg", "date_captured": 0, "flickr_url": "", "id": 78, "coco_url": ""}, {"height": 360, "width": 640, "license": 0, "file_name": "frame_002840.jpg", "date_captured": 0, "flickr_url": "", "id": 79, "coco_url": ""}, {"height": 360, "width": 640, "license": 0, "file_name": "frame_005000.jpg", "date_captured": 0, "flickr_url": "", "id": 80, "coco_url": ""}, {"height": 360, "width": 640, "license": 0, "file_name": "frame_000660.jpg", "date_captured": 0, "flickr_url": "", "id": 81, "coco_url": ""}, {"height": 360, "width": 640, "license": 0, "file_name": "frame_005020.jpg", "date_captured": 0, "flickr_url": "", "id": 82, "coco_url": ""}, {"height": 360, "width": 640, "license": 0, "file_name": "frame_002200.jpg", "date_captured": 0, "flickr_url": "", "id": 83, "coco_url": ""}, {"height": 360, "width": 640, "license": 0, "file_name": "frame_003780.jpg", "date_captured": 0, "flickr_url": "", "id": 84, "coco_url": ""}, {"height": 360, "width": 640, "license": 0, "file_name": "frame_004540.jpg", "date_captured": 0, "flickr_url": "", "id": 85, "coco_url": ""}, {"height": 360, "width": 640, "license": 0, "file_name": "frame_001180.jpg", "date_captured": 0, "flickr_url": "", "id": 86, "coco_url": ""}, {"height": 360, "width": 640, "license": 0, "file_name": "frame_002720.jpg", "date_captured": 0, "flickr_url": "", "id": 87, "coco_url": ""}, {"height": 360, "width": 640, "license": 0, "file_name": "frame_003440.jpg", "date_captured": 0, "flickr_url": "", "id": 88, "coco_url": ""}, {"height": 360, "width": 640, "license": 0, "file_name": "frame_004720.jpg", "date_captured": 0, "flickr_url": "", "id": 89, "coco_url": ""}, {"height": 360, "width": 640, "license": 0, "file_name": "frame_001700.jpg", "date_captured": 0, "flickr_url": "", "id": 90, "coco_url": ""}, {"height": 360, "width": 640, "license": 0, "file_name": "frame_004080.jpg", "date_captured": 0, "flickr_url": "", "id": 91, "coco_url": ""}, {"height": 360, "width": 640, "license": 0, "file_name": "frame_005120.jpg", "date_captured": 0, "flickr_url": "", "id": 92, "coco_url": ""}, {"height": 360, "width": 640, "license": 0, "file_name": "frame_003240.jpg", "date_captured": 0, "flickr_url": "", "id": 93, "coco_url": ""}, {"height": 360, "width": 640, "license": 0, "file_name": "frame_003100.jpg", "date_captured": 0, "flickr_url": "", "id": 94, "coco_url": ""}, {"height": 360, "width": 640, "license": 0, "file_name": "frame_002220.jpg", "date_captured": 0, "flickr_url": "", "id": 95, "coco_url": ""}, {"height": 360, "width": 640, "license": 0, "file_name": "frame_004420.jpg", "date_captured": 0, "flickr_url": "", "id": 96, "coco_url": ""}, {"height": 360, "width": 640, "license": 0, "file_name": "frame_004660.jpg", "date_captured": 0, "flickr_url": "", "id": 97, "coco_url": ""}, {"height": 360, "width": 640, "license": 0, "file_name": "frame_001200.jpg", "date_captured": 0, "flickr_url": "", "id": 98, "coco_url": ""}, {"height": 360, "width": 640, "license": 0, "file_name": "frame_002760.jpg", "date_captured": 0, "flickr_url": "", "id": 99, "coco_url": ""}, {"height": 360, "width": 640, "license": 0, "file_name": "frame_000180.jpg", "date_captured": 0, "flickr_url": "", "id": 100, "coco_url": ""}, {"height": 360, "width": 640, "license": 0, "file_name": "frame_001720.jpg", "date_captured": 0, "flickr_url": "", "id": 101, "coco_url": ""}, {"height": 360, "width": 640, "license": 0, "file_name": "frame_003700.jpg", "date_captured": 0, "flickr_url": "", "id": 102, "coco_url": ""}, {"height": 360, "width": 640, "license": 0, "file_name": "frame_003260.jpg", "date_captured": 0, "flickr_url": "", "id": 103, "coco_url": ""}, {"height": 360, "width": 640, "license": 0, "file_name": "frame_002240.jpg", "date_captured": 0, "flickr_url": "", "id": 104, "coco_url": ""}, {"height": 360, "width": 640, "license": 0, "file_name": "frame_003360.jpg", "date_captured": 0, "flickr_url": "", "id": 105, "coco_url": ""}, {"height": 360, "width": 640, "license": 0, "file_name": "frame_004780.jpg", "date_captured": 0, "flickr_url": "", "id": 106, "coco_url": ""}, {"height": 360, "width": 640, "license": 0, "file_name": "frame_001220.jpg", "date_captured": 0, "flickr_url": "", "id": 107, "coco_url": ""}, {"height": 360, "width": 640, "license": 0, "file_name": "frame_000200.jpg", "date_captured": 0, "flickr_url": "", "id": 108, "coco_url": ""}, {"height": 360, "width": 640, "license": 0, "file_name": "frame_000460.jpg", "date_captured": 0, "flickr_url": "", "id": 109, "coco_url": ""}, {"height": 360, "width": 640, "license": 0, "file_name": "frame_001740.jpg", "date_captured": 0, "flickr_url": "", "id": 110, "coco_url": ""}, {"height": 360, "width": 640, "license": 0, "file_name": "frame_004320.jpg", "date_captured": 0, "flickr_url": "", "id": 111, "coco_url": ""}, {"height": 360, "width": 640, "license": 0, "file_name": "frame_003280.jpg", "date_captured": 0, "flickr_url": "", "id": 112, "coco_url": ""}, {"height": 360, "width": 640, "license": 0, "file_name": "frame_002680.jpg", "date_captured": 0, "flickr_url": "", "id": 113, "coco_url": ""}, {"height": 360, "width": 640, "license": 0, "file_name": "frame_002260.jpg", "date_captured": 0, "flickr_url": "", "id": 114, "coco_url": ""}, {"height": 360, "width": 640, "license": 0, "file_name": "frame_005300.jpg", "date_captured": 0, "flickr_url": "", "id": 115, "coco_url": ""}, {"height": 360, "width": 640, "license": 0, "file_name": "frame_003860.jpg", "date_captured": 0, "flickr_url": "", "id": 116, "coco_url": ""}, {"height": 360, "width": 640, "license": 0, "file_name": "frame_004900.jpg", "date_captured": 0, "flickr_url": "", "id": 117, "coco_url": ""}, {"height": 360, "width": 640, "license": 0, "file_name": "frame_001240.jpg", "date_captured": 0, "flickr_url": "", "id": 118, "coco_url": ""}, {"height": 360, "width": 640, "license": 0, "file_name": "frame_003620.jpg", "date_captured": 0, "flickr_url": "", "id": 119, "coco_url": ""}, {"height": 360, "width": 640, "license": 0, "file_name": "frame_005320.jpg", "date_captured": 0, "flickr_url": "", "id": 120, "coco_url": ""}, {"height": 360, "width": 640, "license": 0, "file_name": "frame_000220.jpg", "date_captured": 0, "flickr_url": "", "id": 121, "coco_url": ""}, {"height": 360, "width": 640, "license": 0, "file_name": "frame_001760.jpg", "date_captured": 0, "flickr_url": "", "id": 122, "coco_url": ""}, {"height": 360, "width": 640, "license": 0, "file_name": "frame_000720.jpg", "date_captured": 0, "flickr_url": "", "id": 123, "coco_url": ""}, {"height": 360, "width": 640, "license": 0, "file_name": "frame_003300.jpg", "date_captured": 0, "flickr_url": "", "id": 124, "coco_url": ""}, {"height": 360, "width": 640, "license": 0, "file_name": "frame_004700.jpg", "date_captured": 0, "flickr_url": "", "id": 125, "coco_url": ""}, {"height": 360, "width": 640, "license": 0, "file_name": "frame_002280.jpg", "date_captured": 0, "flickr_url": "", "id": 126, "coco_url": ""}, {"height": 360, "width": 640, "license": 0, "file_name": "frame_000380.jpg", "date_captured": 0, "flickr_url": "", "id": 127, "coco_url": ""}, {"height": 360, "width": 640, "license": 0, "file_name": "frame_003980.jpg", "date_captured": 0, "flickr_url": "", "id": 128, "coco_url": ""}, {"height": 360, "width": 640, "license": 0, "file_name": "frame_001260.jpg", "date_captured": 0, "flickr_url": "", "id": 129, "coco_url": ""}, {"height": 360, "width": 640, "license": 0, "file_name": "frame_005140.jpg", "date_captured": 0, "flickr_url": "", "id": 130, "coco_url": ""}, {"height": 360, "width": 640, "license": 0, "file_name": "frame_005080.jpg", "date_captured": 0, "flickr_url": "", "id": 131, "coco_url": ""}, {"height": 360, "width": 640, "license": 0, "file_name": "frame_002800.jpg", "date_captured": 0, "flickr_url": "", "id": 132, "coco_url": ""}, {"height": 360, "width": 640, "license": 0, "file_name": "frame_000040.jpg", "date_captured": 0, "flickr_url": "", "id": 133, "coco_url": ""}, {"height": 360, "width": 640, "license": 0, "file_name": "frame_001780.jpg", "date_captured": 0, "flickr_url": "", "id": 134, "coco_url": ""}, {"height": 360, "width": 640, "license": 0, "file_name": "frame_003920.jpg", "date_captured": 0, "flickr_url": "", "id": 135, "coco_url": ""}, {"height": 360, "width": 640, "license": 0, "file_name": "frame_003320.jpg", "date_captured": 0, "flickr_url": "", "id": 136, "coco_url": ""}, {"height": 360, "width": 640, "license": 0, "file_name": "frame_003540.jpg", "date_captured": 0, "flickr_url": "", "id": 137, "coco_url": ""}, {"height": 360, "width": 640, "license": 0, "file_name": "frame_002300.jpg", "date_captured": 0, "flickr_url": "", "id": 138, "coco_url": ""}, {"height": 360, "width": 640, "license": 0, "file_name": "frame_004100.jpg", "date_captured": 0, "flickr_url": "", "id": 139, "coco_url": ""}, {"height": 360, "width": 640, "license": 0, "file_name": "frame_001280.jpg", "date_captured": 0, "flickr_url": "", "id": 140, "coco_url": ""}, {"height": 360, "width": 640, "license": 0, "file_name": "frame_003200.jpg", "date_captured": 0, "flickr_url": "", "id": 141, "coco_url": ""}, {"height": 360, "width": 640, "license": 0, "file_name": "frame_000260.jpg", "date_captured": 0, "flickr_url": "", "id": 142, "coco_url": ""}, {"height": 360, "width": 640, "license": 0, "file_name": "frame_001800.jpg", "date_captured": 0, "flickr_url": "", "id": 143, "coco_url": ""}, {"height": 360, "width": 640, "license": 0, "file_name": "frame_002860.jpg", "date_captured": 0, "flickr_url": "", "id": 144, "coco_url": ""}, {"height": 360, "width": 640, "license": 0, "file_name": "frame_000780.jpg", "date_captured": 0, "flickr_url": "", "id": 145, "coco_url": ""}, {"height": 360, "width": 640, "license": 0, "file_name": "frame_002320.jpg", "date_captured": 0, "flickr_url": "", "id": 146, "coco_url": ""}, {"height": 360, "width": 640, "license": 0, "file_name": "frame_003800.jpg", "date_captured": 0, "flickr_url": "", "id": 147, "coco_url": ""}, {"height": 360, "width": 640, "license": 0, "file_name": "frame_005260.jpg", "date_captured": 0, "flickr_url": "", "id": 148, "coco_url": ""}, {"height": 360, "width": 640, "license": 0, "file_name": "frame_004960.jpg", "date_captured": 0, "flickr_url": "", "id": 149, "coco_url": ""}, {"height": 360, "width": 640, "license": 0, "file_name": "frame_001300.jpg", "date_captured": 0, "flickr_url": "", "id": 150, "coco_url": ""}, {"height": 360, "width": 640, "license": 0, "file_name": "frame_000280.jpg", "date_captured": 0, "flickr_url": "", "id": 151, "coco_url": ""}, {"height": 360, "width": 640, "license": 0, "file_name": "frame_003460.jpg", "date_captured": 0, "flickr_url": "", "id": 152, "coco_url": ""}, {"height": 360, "width": 640, "license": 0, "file_name": "frame_001820.jpg", "date_captured": 0, "flickr_url": "", "id": 153, "coco_url": ""}, {"height": 360, "width": 640, "license": 0, "file_name": "frame_000800.jpg", "date_captured": 0, "flickr_url": "", "id": 154, "coco_url": ""}, {"height": 360, "width": 640, "license": 0, "file_name": "frame_000560.jpg", "date_captured": 0, "flickr_url": "", "id": 155, "coco_url": ""}, {"height": 360, "width": 640, "license": 0, "file_name": "frame_004980.jpg", "date_captured": 0, "flickr_url": "", "id": 156, "coco_url": ""}, {"height": 360, "width": 640, "license": 0, "file_name": "frame_002340.jpg", "date_captured": 0, "flickr_url": "", "id": 157, "coco_url": ""}, {"height": 360, "width": 640, "license": 0, "file_name": "frame_004340.jpg", "date_captured": 0, "flickr_url": "", "id": 158, "coco_url": ""}, {"height": 360, "width": 640, "license": 0, "file_name": "frame_005380.jpg", "date_captured": 0, "flickr_url": "", "id": 159, "coco_url": ""}, {"height": 360, "width": 640, "license": 0, "file_name": "frame_001320.jpg", "date_captured": 0, "flickr_url": "", "id": 160, "coco_url": ""}, {"height": 360, "width": 640, "license": 0, "file_name": "frame_002780.jpg", "date_captured": 0, "flickr_url": "", "id": 161, "coco_url": ""}, {"height": 360, "width": 640, "license": 0, "file_name": "frame_000300.jpg", "date_captured": 0, "flickr_url": "", "id": 162, "coco_url": ""}, {"height": 360, "width": 640, "license": 0, "file_name": "frame_004680.jpg", "date_captured": 0, "flickr_url": "", "id": 163, "coco_url": ""}, {"height": 360, "width": 640, "license": 0, "file_name": "frame_003880.jpg", "date_captured": 0, "flickr_url": "", "id": 164, "coco_url": ""}, {"height": 360, "width": 640, "license": 0, "file_name": "frame_001840.jpg", "date_captured": 0, "flickr_url": "", "id": 165, "coco_url": ""}, {"height": 360, "width": 640, "license": 0, "file_name": "frame_003720.jpg", "date_captured": 0, "flickr_url": "", "id": 166, "coco_url": ""}, {"height": 360, "width": 640, "license": 0, "file_name": "frame_000820.jpg", "date_captured": 0, "flickr_url": "", "id": 167, "coco_url": ""}, {"height": 360, "width": 640, "license": 0, "file_name": "frame_002360.jpg", "date_captured": 0, "flickr_url": "", "id": 168, "coco_url": ""}, {"height": 360, "width": 640, "license": 0, "file_name": "frame_003380.jpg", "date_captured": 0, "flickr_url": "", "id": 169, "coco_url": ""}, {"height": 360, "width": 640, "license": 0, "file_name": "frame_001340.jpg", "date_captured": 0, "flickr_url": "", "id": 170, "coco_url": ""}, {"height": 360, "width": 640, "license": 0, "file_name": "frame_002880.jpg", "date_captured": 0, "flickr_url": "", "id": 171, "coco_url": ""}, {"height": 360, "width": 640, "license": 0, "file_name": "frame_000480.jpg", "date_captured": 0, "flickr_url": "", "id": 172, "coco_url": ""}, {"height": 360, "width": 640, "license": 0, "file_name": "frame_004000.jpg", "date_captured": 0, "flickr_url": "", "id": 173, "coco_url": ""}, {"height": 360, "width": 640, "license": 0, "file_name": "frame_001860.jpg", "date_captured": 0, "flickr_url": "", "id": 174, "coco_url": ""}, {"height": 360, "width": 640, "license": 0, "file_name": "frame_000840.jpg", "date_captured": 0, "flickr_url": "", "id": 175, "coco_url": ""}, {"height": 360, "width": 640, "license": 0, "file_name": "frame_002700.jpg", "date_captured": 0, "flickr_url": "", "id": 176, "coco_url": ""}, {"height": 360, "width": 640, "license": 0, "file_name": "frame_002380.jpg", "date_captured": 0, "flickr_url": "", "id": 177, "coco_url": ""}, {"height": 360, "width": 640, "license": 0, "file_name": "frame_004580.jpg", "date_captured": 0, "flickr_url": "", "id": 178, "coco_url": ""}, {"height": 360, "width": 640, "license": 0, "file_name": "frame_001360.jpg", "date_captured": 0, "flickr_url": "", "id": 179, "coco_url": ""}, {"height": 360, "width": 640, "license": 0, "file_name": "frame_003640.jpg", "date_captured": 0, "flickr_url": "", "id": 180, "coco_url": ""}, {"height": 360, "width": 640, "license": 0, "file_name": "frame_002900.jpg", "date_captured": 0, "flickr_url": "", "id": 181, "coco_url": ""}, {"height": 360, "width": 640, "license": 0, "file_name": "frame_004120.jpg", "date_captured": 0, "flickr_url": "", "id": 182, "coco_url": ""}, {"height": 360, "width": 640, "license": 0, "file_name": "frame_005160.jpg", "date_captured": 0, "flickr_url": "", "id": 183, "coco_url": ""}, {"height": 360, "width": 640, "license": 0, "file_name": "frame_001880.jpg", "date_captured": 0, "flickr_url": "", "id": 184, "coco_url": ""}, {"height": 360, "width": 640, "license": 0, "file_name": "frame_000740.jpg", "date_captured": 0, "flickr_url": "", "id": 185, "coco_url": ""}, {"height": 360, "width": 640, "license": 0, "file_name": "frame_004220.jpg", "date_captured": 0, "flickr_url": "", "id": 186, "coco_url": ""}, {"height": 360, "width": 640, "license": 0, "file_name": "frame_000860.jpg", "date_captured": 0, "flickr_url": "", "id": 187, "coco_url": ""}, {"height": 360, "width": 640, "license": 0, "file_name": "frame_002400.jpg", "date_captured": 0, "flickr_url": "", "id": 188, "coco_url": ""}, {"height": 360, "width": 640, "license": 0, "file_name": "frame_000400.jpg", "date_captured": 0, "flickr_url": "", "id": 189, "coco_url": ""}, {"height": 360, "width": 640, "license": 0, "file_name": "frame_001380.jpg", "date_captured": 0, "flickr_url": "", "id": 190, "coco_url": ""}, {"height": 360, "width": 640, "license": 0, "file_name": "frame_000360.jpg", "date_captured": 0, "flickr_url": "", "id": 191, "coco_url": ""}, {"height": 360, "width": 640, "license": 0, "file_name": "frame_002620.jpg", "date_captured": 0, "flickr_url": "", "id": 192, "coco_url": ""}, {"height": 360, "width": 640, "license": 0, "file_name": "frame_004240.jpg", "date_captured": 0, "flickr_url": "", "id": 193, "coco_url": ""}, {"height": 360, "width": 640, "license": 0, "file_name": "frame_005280.jpg", "date_captured": 0, "flickr_url": "", "id": 194, "coco_url": ""}, {"height": 360, "width": 640, "license": 0, "file_name": "frame_001900.jpg", "date_captured": 0, "flickr_url": "", "id": 195, "coco_url": ""}, {"height": 360, "width": 640, "license": 0, "file_name": "frame_004300.jpg", "date_captured": 0, "flickr_url": "", "id": 196, "coco_url": ""}, {"height": 360, "width": 640, "license": 0, "file_name": "frame_000880.jpg", "date_captured": 0, "flickr_url": "", "id": 197, "coco_url": ""}, {"height": 360, "width": 640, "license": 0, "file_name": "frame_003560.jpg", "date_captured": 0, "flickr_url": "", "id": 198, "coco_url": ""}, {"height": 360, "width": 640, "license": 0, "file_name": "frame_002420.jpg", "date_captured": 0, "flickr_url": "", "id": 199, "coco_url": ""}, {"height": 360, "width": 640, "license": 0, "file_name": "frame_001400.jpg", "date_captured": 0, "flickr_url": "", "id": 200, "coco_url": ""}, {"height": 360, "width": 640, "license": 0, "file_name": "frame_003220.jpg", "date_captured": 0, "flickr_url": "", "id": 201, "coco_url": ""}, {"height": 360, "width": 640, "license": 0, "file_name": "frame_002940.jpg", "date_captured": 0, "flickr_url": "", "id": 202, "coco_url": ""}, {"height": 360, "width": 640, "license": 0, "file_name": "frame_004360.jpg", "date_captured": 0, "flickr_url": "", "id": 203, "coco_url": ""}, {"height": 360, "width": 640, "license": 0, "file_name": "frame_001920.jpg", "date_captured": 0, "flickr_url": "", "id": 204, "coco_url": ""}, {"height": 360, "width": 640, "license": 0, "file_name": "frame_000320.jpg", "date_captured": 0, "flickr_url": "", "id": 205, "coco_url": ""}, {"height": 360, "width": 640, "license": 0, "file_name": "frame_000900.jpg", "date_captured": 0, "flickr_url": "", "id": 206, "coco_url": ""}, {"height": 360, "width": 640, "license": 0, "file_name": "frame_004060.jpg", "date_captured": 0, "flickr_url": "", "id": 207, "coco_url": ""}, {"height": 360, "width": 640, "license": 0, "file_name": "frame_003900.jpg", "date_captured": 0, "flickr_url": "", "id": 208, "coco_url": ""}, {"height": 360, "width": 640, "license": 0, "file_name": "frame_002440.jpg", "date_captured": 0, "flickr_url": "", "id": 209, "coco_url": ""}, {"height": 360, "width": 640, "license": 0, "file_name": "frame_003820.jpg", "date_captured": 0, "flickr_url": "", "id": 210, "coco_url": ""}, {"height": 360, "width": 640, "license": 0, "file_name": "frame_001420.jpg", "date_captured": 0, "flickr_url": "", "id": 211, "coco_url": ""}, {"height": 360, "width": 640, "license": 0, "file_name": "frame_002960.jpg", "date_captured": 0, "flickr_url": "", "id": 212, "coco_url": ""}, {"height": 360, "width": 640, "license": 0, "file_name": "frame_003480.jpg", "date_captured": 0, "flickr_url": "", "id": 213, "coco_url": ""}, {"height": 360, "width": 640, "license": 0, "file_name": "frame_004480.jpg", "date_captured": 0, "flickr_url": "", "id": 214, "coco_url": ""}, {"height": 360, "width": 640, "license": 0, "file_name": "frame_001940.jpg", "date_captured": 0, "flickr_url": "", "id": 215, "coco_url": ""}, {"height": 360, "width": 640, "license": 0, "file_name": "frame_000920.jpg", "date_captured": 0, "flickr_url": "", "id": 216, "coco_url": ""}, {"height": 360, "width": 640, "license": 0, "file_name": "frame_003140.jpg", "date_captured": 0, "flickr_url": "", "id": 217, "coco_url": ""}, {"height": 360, "width": 640, "license": 0, "file_name": "frame_004020.jpg", "date_captured": 0, "flickr_url": "", "id": 218, "coco_url": ""}, {"height": 360, "width": 640, "license": 0, "file_name": "frame_002460.jpg", "date_captured": 0, "flickr_url": "", "id": 219, "coco_url": ""}, {"height": 360, "width": 640, "license": 0, "file_name": "frame_004800.jpg", "date_captured": 0, "flickr_url": "", "id": 220, "coco_url": ""}, {"height": 360, "width": 640, "license": 0, "file_name": "frame_001440.jpg", "date_captured": 0, "flickr_url": "", "id": 221, "coco_url": ""}, {"height": 360, "width": 640, "license": 0, "file_name": "frame_000240.jpg", "date_captured": 0, "flickr_url": "", "id": 222, "coco_url": ""}, {"height": 360, "width": 640, "license": 0, "file_name": "frame_004200.jpg", "date_captured": 0, "flickr_url": "", "id": 223, "coco_url": ""}, {"height": 360, "width": 640, "license": 0, "file_name": "frame_005240.jpg", "date_captured": 0, "flickr_url": "", "id": 224, "coco_url": ""}, {"height": 360, "width": 640, "license": 0, "file_name": "frame_002980.jpg", "date_captured": 0, "flickr_url": "", "id": 225, "coco_url": ""}, {"height": 360, "width": 640, "license": 0, "file_name": "frame_004600.jpg", "date_captured": 0, "flickr_url": "", "id": 226, "coco_url": ""}, {"height": 360, "width": 640, "license": 0, "file_name": "frame_003940.jpg", "date_captured": 0, "flickr_url": "", "id": 227, "coco_url": ""}, {"height": 360, "width": 640, "license": 0, "file_name": "frame_001960.jpg", "date_captured": 0, "flickr_url": "", "id": 228, "coco_url": ""}, {"height": 360, "width": 640, "license": 0, "file_name": "frame_003740.jpg", "date_captured": 0, "flickr_url": "", "id": 229, "coco_url": ""}, {"height": 360, "width": 640, "license": 0, "file_name": "frame_000940.jpg", "date_captured": 0, "flickr_url": "", "id": 230, "coco_url": ""}, {"height": 360, "width": 640, "license": 0, "file_name": "frame_004940.jpg", "date_captured": 0, "flickr_url": "", "id": 231, "coco_url": ""}, {"height": 360, "width": 640, "license": 0, "file_name": "frame_004140.jpg", "date_captured": 0, "flickr_url": "", "id": 232, "coco_url": ""}, {"height": 360, "width": 640, "license": 0, "file_name": "frame_002480.jpg", "date_captured": 0, "flickr_url": "", "id": 233, "coco_url": ""}, {"height": 360, "width": 640, "license": 0, "file_name": "frame_003400.jpg", "date_captured": 0, "flickr_url": "", "id": 234, "coco_url": ""}, {"height": 360, "width": 640, "license": 0, "file_name": "frame_001460.jpg", "date_captured": 0, "flickr_url": "", "id": 235, "coco_url": ""}, {"height": 360, "width": 640, "license": 0, "file_name": "frame_003000.jpg", "date_captured": 0, "flickr_url": "", "id": 236, "coco_url": ""}, {"height": 360, "width": 640, "license": 0, "file_name": "frame_000500.jpg", "date_captured": 0, "flickr_url": "", "id": 237, "coco_url": ""}, {"height": 360, "width": 640, "license": 0, "file_name": "frame_001980.jpg", "date_captured": 0, "flickr_url": "", "id": 238, "coco_url": ""}, {"height": 360, "width": 640, "license": 0, "file_name": "frame_000960.jpg", "date_captured": 0, "flickr_url": "", "id": 239, "coco_url": ""}, {"height": 360, "width": 640, "license": 0, "file_name": "frame_000160.jpg", "date_captured": 0, "flickr_url": "", "id": 240, "coco_url": ""}, {"height": 360, "width": 640, "license": 0, "file_name": "frame_004260.jpg", "date_captured": 0, "flickr_url": "", "id": 241, "coco_url": ""}, {"height": 360, "width": 640, "license": 0, "file_name": "frame_002500.jpg", "date_captured": 0, "flickr_url": "", "id": 242, "coco_url": ""}, {"height": 360, "width": 640, "license": 0, "file_name": "frame_001480.jpg", "date_captured": 0, "flickr_url": "", "id": 243, "coco_url": ""}, {"height": 360, "width": 640, "license": 0, "file_name": "frame_003660.jpg", "date_captured": 0, "flickr_url": "", "id": 244, "coco_url": ""}, {"height": 360, "width": 640, "license": 0, "file_name": "frame_003020.jpg", "date_captured": 0, "flickr_url": "", "id": 245, "coco_url": ""}, {"height": 360, "width": 640, "license": 0, "file_name": "frame_004840.jpg", "date_captured": 0, "flickr_url": "", "id": 246, "coco_url": ""}, {"height": 360, "width": 640, "license": 0, "file_name": "frame_002000.jpg", "date_captured": 0, "flickr_url": "", "id": 247, "coco_url": ""}, {"height": 360, "width": 640, "license": 0, "file_name": "frame_000760.jpg", "date_captured": 0, "flickr_url": "", "id": 248, "coco_url": ""}, {"height": 360, "width": 640, "license": 0, "file_name": "frame_000980.jpg", "date_captured": 0, "flickr_url": "", "id": 249, "coco_url": ""}, {"height": 360, "width": 640, "license": 0, "file_name": "frame_004380.jpg", "date_captured": 0, "flickr_url": "", "id": 250, "coco_url": ""}, {"height": 360, "width": 640, "license": 0, "file_name": "frame_002520.jpg", "date_captured": 0, "flickr_url": "", "id": 251, "coco_url": ""}, {"height": 360, "width": 640, "license": 0, "file_name": "frame_000420.jpg", "date_captured": 0, "flickr_url": "", "id": 252, "coco_url": ""}, {"height": 360, "width": 640, "license": 0, "file_name": "frame_001500.jpg", "date_captured": 0, "flickr_url": "", "id": 253, "coco_url": ""}, {"height": 360, "width": 640, "license": 0, "file_name": "frame_003040.jpg", "date_captured": 0, "flickr_url": "", "id": 254, "coco_url": ""}, {"height": 360, "width": 640, "license": 0, "file_name": "frame_000080.jpg", "date_captured": 0, "flickr_url": "", "id": 255, "coco_url": ""}, {"height": 360, "width": 640, "license": 0, "file_name": "frame_002020.jpg", "date_captured": 0, "flickr_url": "", "id": 256, "coco_url": ""}, {"height": 360, "width": 640, "license": 0, "file_name": "frame_004180.jpg", "date_captured": 0, "flickr_url": "", "id": 257, "coco_url": ""}, {"height": 360, "width": 640, "license": 0, "file_name": "frame_001000.jpg", "date_captured": 0, "flickr_url": "", "id": 258, "coco_url": ""}, {"height": 360, "width": 640, "license": 0, "file_name": "frame_003580.jpg", "date_captured": 0, "flickr_url": "", "id": 259, "coco_url": ""}, {"height": 360, "width": 640, "license": 0, "file_name": "frame_004500.jpg", "date_captured": 0, "flickr_url": "", "id": 260, "coco_url": ""}, {"height": 360, "width": 640, "license": 0, "file_name": "frame_005220.jpg", "date_captured": 0, "flickr_url": "", "id": 261, "coco_url": ""}, {"height": 360, "width": 640, "license": 0, "file_name": "frame_002540.jpg", "date_captured": 0, "flickr_url": "", "id": 262, "coco_url": ""}, {"height": 360, "width": 640, "license": 0, "file_name": "frame_004560.jpg", "date_captured": 0, "flickr_url": "", "id": 263, "coco_url": ""}, {"height": 360, "width": 640, "license": 0, "file_name": "frame_001520.jpg", "date_captured": 0, "flickr_url": "", "id": 264, "coco_url": ""}, {"height": 360, "width": 640, "license": 0, "file_name": "frame_000680.jpg", "date_captured": 0, "flickr_url": "", "id": 265, "coco_url": ""}, {"height": 360, "width": 640, "license": 0, "file_name": "frame_003060.jpg", "date_captured": 0, "flickr_url": "", "id": 266, "coco_url": ""}, {"height": 360, "width": 640, "license": 0, "file_name": "frame_002040.jpg", "date_captured": 0, "flickr_url": "", "id": 267, "coco_url": ""}, {"height": 360, "width": 640, "license": 0, "file_name": "frame_000340.jpg", "date_captured": 0, "flickr_url": "", "id": 268, "coco_url": ""}, {"height": 360, "width": 640, "license": 0, "file_name": "frame_001020.jpg", "date_captured": 0, "flickr_url": "", "id": 269, "coco_url": ""}, {"height": 360, "width": 640, "license": 0, "file_name": "frame_004620.jpg", "date_captured": 0, "flickr_url": "", "id": 270, "coco_url": ""}], "licenses": [{"url": "", "id": 0, "name": ""}], "info": {"url": "", "contributor": "", "year": "", "version": "", "description": "", "date_created": ""}}